{"cameraMode":{"drawMode":0,"name":"Shaded","section":"Shading Mode"},"sceneLighting":false,"audioPlay":false,"sceneViewState":{"m_AlwaysRefresh":false,"showFog":true,"showSkybox":true,"showFlares":true,"showImageEffects":true,"showParticleSystems":true,"showVisualEffectGraphs":true,"m_FxEnabled":true},"in2DMode":false,"pivot":{"x":276.585693359375,"y":1229.9991455078125,"z":772.4044189453125},"rotation":{"x":-0.07889263331890106,"y":0.8688820004463196,"z":-0.46603265404701235,"w":-0.1470925360918045},"size":0.008270705118775368,"orthographic":false}